<?xml version="1.0" encoding="UTF-8"?>
<menu>
	<tabitems>
		<item>
			<title>Documentation</title>
			<subitems>
				<subitem>
					<subitemtitle>Documentation</subitemtitle>
					<subitemlang>help_documentation</subitemlang>
					<subsection>quickhelp</subsection>
					<subitemurl>do=redirect&amp;id=docs</subitemurl>
					<subisredirect>1</subisredirect>
				</subitem>
			</subitems>
		</item>			
		<item>
			<title>Technical Support</title>
			<subitems>				
				<subitem>
					<subitemtitle>Technical Support</subitemtitle>
					<subitemlang>help_support</subitemlang>
					<subsection>quickhelp</subsection>
					<subitemurl>do=redirect&amp;id=support</subitemurl>
					<subisredirect>1</subisredirect>
				</subitem>
			</subitems>
		</item>				
		<item>
			<title>Additional Resources</title>
			<subitems>				
				<subitem>
					<subitemtitle>Additional Resources</subitemtitle>
					<subitemlang>help_resources</subitemlang>
					<subsection>quickhelp</subsection>
					<subitemurl>do=redirect&amp;id=resources</subitemurl>
					<subisredirect>1</subisredirect>
				</subitem>
			</subitems>
		</item>				
		<item>
			<title>IPS Contact Information</title>
			<subitems>				
				<subitem>
					<subitemtitle>IPS Contact Information</subitemtitle>
					<subitemlang>help_contact</subitemlang>
					<subsection>quickhelp</subsection>
					<subitemurl>do=redirect&amp;id=contact</subitemurl>
					<subisredirect>1</subisredirect>
				</subitem>
			</subitems>
		</item>				
		<item>
			<title>Feature Requests</title>
			<subitems>				
				<subitem>
					<subitemtitle>Feature Requests</subitemtitle>
					<subitemlang>help_features</subitemlang>
					<subsection>quickhelp</subsection>
					<subitemurl>do=redirect&amp;id=features</subitemurl>
					<subisredirect>1</subisredirect>
				</subitem>
			</subitems>
		</item>				
		<item>
			<title>Report a Bug</title>
			<subitems>				
				<subitem>
					<subitemtitle>Report a Bug</subitemtitle>
					<subitemlang>help_bugs</subitemlang>
					<subsection>quickhelp</subsection>
					<subitemurl>do=redirect&amp;id=bugs</subitemurl>
					<subisredirect>1</subisredirect>
				</subitem>
			</subitems>
		</item>		
	</tabitems>
</menu>